-- phpMyAdmin SQL Dump
-- version 5.2.1
-- https://www.phpmyadmin.net/
--
-- Host: 127.0.0.1
-- Generation Time: Jul 07, 2024 at 01:19 PM
-- Server version: 10.4.28-MariaDB
-- PHP Version: 8.2.4

SET SQL_MODE = "NO_AUTO_VALUE_ON_ZERO";
START TRANSACTION;
SET time_zone = "+00:00";


/*!40101 SET @OLD_CHARACTER_SET_CLIENT=@@CHARACTER_SET_CLIENT */;
/*!40101 SET @OLD_CHARACTER_SET_RESULTS=@@CHARACTER_SET_RESULTS */;
/*!40101 SET @OLD_COLLATION_CONNECTION=@@COLLATION_CONNECTION */;
/*!40101 SET NAMES utf8mb4 */;

--
-- Database: `amul`
--

-- --------------------------------------------------------

--
-- Table structure for table `cart`
--

CREATE TABLE `cart` (
  `id` int(11) NOT NULL,
  `item_id` int(11) DEFAULT NULL,
  `user_id` int(11) DEFAULT NULL
) ENGINE=InnoDB DEFAULT CHARSET=utf8mb4 COLLATE=utf8mb4_general_ci;

--
-- Dumping data for table `cart`
--

INSERT INTO `cart` (`id`, `item_id`, `user_id`) VALUES
(1, 4, 4);

-- --------------------------------------------------------

--
-- Table structure for table `item`
--

CREATE TABLE `item` (
  `id` int(11) NOT NULL,
  `name` varchar(50) DEFAULT NULL,
  `imgone` varchar(100) DEFAULT NULL,
  `imgtwo` varchar(100) DEFAULT NULL,
  `imgthree` varchar(100) DEFAULT NULL,
  `price` int(11) DEFAULT NULL,
  `color` varchar(20) NOT NULL,
  `catagory_id` int(11) DEFAULT NULL
) ENGINE=InnoDB DEFAULT CHARSET=utf8mb4 COLLATE=utf8mb4_general_ci;

--
-- Dumping data for table `item`
--

INSERT INTO `item` (`id`, `name`, `imgone`, `imgtwo`, `imgthree`, `price`, `color`, `catagory_id`) VALUES
(1, 'abc', 'uploads/item/Screenshot (119).png', 'uploads/item/Screenshot (133).png', 'uploads/item/Screenshot (123).png', 200, '', 1),
(2, 'abc', 'uploads/item/Screenshot (119).png', 'uploads/item/Screenshot (133).png', 'uploads/item/Screenshot (123).png', 200, '', 1),
(3, 'abc', 'uploads/item/Screenshot (119).png', 'uploads/item/Screenshot (112).png', 'uploads/item/Screenshot (110).png', 1200, '', 1),
(4, 'Amul High Protein Milk, 250 mL ', 'uploads/item/01-hero-image_-multipack-30-800x800.avif', 'uploads/item/03-bop_amul-protein-buttermilk-tetrapack-200ml-800x800.avif', 'uploads/item/10-marketer-800x800.avif', 792, '#0c57ab', 1),
(5, 'Amul Organi Chana', 'uploads/item/chana.avif', 'uploads/item/chana.avif', 'uploads/item/chana.avif', 780, '#00FF00', 2),
(6, 'Amul Organic Basmati Rice, 1 kg', 'uploads/item/02-fop_amul-organic-basmati-rice-1kg-800x800.avif', 'uploads/item/03-bop_amul-organic-basmati-rice-1kg-800x800.avif', 'uploads/item/10-marketer-800x800.avif', 360, '#087919', 2),
(7, 'Amul Gurab Jamun', 'uploads/item/gulab.avif', 'uploads/item/gulab.avif', 'uploads/item/gulab.avif', 400, '#087919', 17),
(8, 'Amul Velvett Milk Chocolate, 150 g', 'uploads/item/02-fop_amul-velvet-milk-chocolate-150g-800x800.avif', 'uploads/item/03-bop_amul-organic-basmati-rice-1kg-800x800.avif', 'uploads/item/03-bop_amul-velvet-milk-chocolate-150g-800x800.avif', 300, '#36013f', 3),
(9, 'Amulspray, Infant Formula - Ready To Feed, 250 mL ', 'uploads/item/02-fop_amulspary-infant-milk-250ml-800x800.avif', 'uploads/item/03-bop_amul-organic-basmati-rice-1kg-800x800.avif', 'uploads/item/03-bop_amulspary-infant-milk-250ml-800x800.avif', 800, '', 4),
(10, 'Amul \'Kesar\' Basundi, 250 mL ', 'uploads/item/01-hero-image_amul-basundi-250ml-640x640.avif', 'uploads/item/pp_2023_05_may_gcmmf_mithai_11954343_1000-x-1000_pxl_basundi-250-ml_bop-2-640x640.avif', 'uploads/item/pp_2023_05_may_gcmmf_mithai_11954343_1000-x-1000_pxl_basundi-250-ml_fop-with-veg-logo-6', 150, '', 5),
(11, 'Amul Panchamrit, Single Serve Prasadam, 10 mL ', 'uploads/item/panchamrit-removebg-preview.png', 'uploads/item/05-bar-code_amul-panchamrit-10ml-640x640.avif', 'uploads/item/amul_panchamrit_hindi_render-640x640.avif', 200, '#ffa500', 6),
(12, 'Amul Sports Drink - Lemon, 500 mL ', 'uploads/item/01-hero-image_amul-sport-lemon-500ml-hero-640x640.avif', 'uploads/item/02-fop_amul-sports-drink-lemon-500ml-640x640.avif', 'uploads/item/03-bop_amul-sports-drink-lemon-500ml-640x640.avif', 200, '#00FF00', 7),
(13, 'Amul Lactose Free Milk, 250 mL', 'uploads/item/01-hero-image_-multipack-32_amul-lactosefree-milk-tetrapack-250ml-640x640.avif', 'uploads/item/02-fop_amul-lactosefree-milk-tetrapack-250ml-640x640.avif', 'uploads/item/03-bop_amul-lactosefree-milk-tetrapack-250ml-640x640.avif', 800, ' #0000FF', 8),
(14, 'Amul Camel Milk Powder, 25 g ', 'uploads/item/03-bop_amul-camel-milk-powder-250g-640x640.avif', 'uploads/item/02-fop_amul-camel-milk-powder-250g-640x640.avif', 'uploads/item/03-bop_amul-camel-milk-powder-250g-640x640.avif', 350, '#ff0000', 9),
(15, 'Amul Honey, 250 g ', 'uploads/item/01-hero-image_multipack-640x640.avif', 'uploads/item/03-bop_amul-honey-250g-640x640.avif', 'uploads/item/02-fop_amul-honey-250g-640x640.avif', 300, '#ffa500', 10),
(16, 'Amul Mithai mate, 400 g ', 'uploads/item/01-hero-image_amul-mithai-mate-400g-640x640.avif', 'uploads/item/02-fop_amul-mithai-mate-400g-640x640.avif', 'uploads/item/03-bop_amul-mithai-mate-400g-640x640.avif', 252, ' #FFC0CB', 11),
(17, 'Amul Cool', 'uploads/item/braveges.avif', 'uploads/item/braveges.avif', 'uploads/item/braveges.avif', 252, ' #FFC0CB', 11);

-- --------------------------------------------------------

--
-- Table structure for table `item_catagory`
--

CREATE TABLE `item_catagory` (
  `id` int(11) NOT NULL,
  `catagory_name` varchar(50) DEFAULT NULL
) ENGINE=InnoDB DEFAULT CHARSET=utf8mb4 COLLATE=utf8mb4_general_ci;

--
-- Dumping data for table `item_catagory`
--

INSERT INTO `item_catagory` (`id`, `catagory_name`) VALUES
(1, 'Protein'),
(2, 'Organic'),
(3, 'Chocolate'),
(4, 'Infant Food'),
(5, 'Sweets'),
(6, 'Panchamrit'),
(7, 'Sports Drink'),
(8, 'Milk-UHT'),
(9, 'Camel Milk'),
(10, 'Honey'),
(11, 'Mithai Mate'),
(12, 'Beverages'),
(13, 'Protein'),
(14, 'Organic'),
(15, 'Chocolate'),
(16, 'Infant Food'),
(17, 'Sweets'),
(18, 'Panchamrit'),
(19, 'Sports Drink'),
(20, 'Milk-UHT'),
(21, 'Camel Milk'),
(22, 'Honey'),
(23, 'Mithai Mate'),
(24, 'Beverages'),
(25, 'Protein'),
(26, 'Organic'),
(27, 'Chocolate'),
(28, 'Infant Food'),
(29, 'Sweets'),
(30, 'Panchamrit'),
(31, 'Sports Drink'),
(32, 'Milk-UHT'),
(33, 'Camel Milk'),
(34, 'Honey'),
(35, 'Mithai Mate'),
(36, 'Beverages'),
(37, 'Protein'),
(38, 'Organic'),
(39, 'Chocolate'),
(40, 'Infant Food'),
(41, 'Sweets'),
(42, 'Panchamrit'),
(43, 'Sports Drink'),
(44, 'Milk-UHT'),
(45, 'Camel Milk'),
(46, 'Honey'),
(47, 'Mithai Mate'),
(48, 'Beverages'),
(49, 'Protein'),
(50, 'Organic'),
(51, 'Chocolate'),
(52, 'Infant Food'),
(53, 'Sweets'),
(54, 'Panchamrit'),
(55, 'Sports Drink'),
(56, 'Milk-UHT'),
(57, 'Camel Milk'),
(58, 'Honey'),
(59, 'Mithai Mate'),
(60, 'Beverages'),
(61, 'Protein'),
(62, 'Organic'),
(63, 'Chocolate'),
(64, 'Infant Food'),
(65, 'Sweets'),
(66, 'Panchamrit'),
(67, 'Sports Drink'),
(68, 'Milk-UHT'),
(69, 'Camel Milk'),
(70, 'Honey'),
(71, 'Mithai Mate'),
(72, 'Beverages'),
(73, 'Protein'),
(74, 'Organic'),
(75, 'Chocolate'),
(76, 'Infant Food'),
(77, 'Sweets'),
(78, 'Panchamrit'),
(79, 'Sports Drink'),
(80, 'Milk-UHT'),
(81, 'Camel Milk'),
(82, 'Honey'),
(83, 'Mithai Mate'),
(84, 'Beverages'),
(85, 'Protein'),
(86, 'Organic'),
(87, 'Chocolate'),
(88, 'Infant Food'),
(89, 'Sweets'),
(90, 'Panchamrit'),
(91, 'Sports Drink'),
(92, 'Milk-UHT'),
(93, 'Camel Milk'),
(94, 'Honey'),
(95, 'Mithai Mate'),
(96, 'Beverages'),
(97, 'Protein'),
(98, 'Organic'),
(99, 'Chocolate'),
(100, 'Infant Food'),
(101, 'Sweets'),
(102, 'Panchamrit'),
(103, 'Sports Drink'),
(104, 'Milk-UHT'),
(105, 'Camel Milk'),
(106, 'Honey'),
(107, 'Mithai Mate'),
(108, 'Beverages'),
(109, 'Protein'),
(110, 'Organic'),
(111, 'Chocolate'),
(112, 'Infant Food'),
(113, 'Sweets'),
(114, 'Panchamrit'),
(115, 'Sports Drink'),
(116, 'Milk-UHT'),
(117, 'Camel Milk'),
(118, 'Honey'),
(119, 'Mithai Mate'),
(120, 'Beverages'),
(121, 'Protein'),
(122, 'Organic'),
(123, 'Chocolate'),
(124, 'Infant Food'),
(125, 'Sweets'),
(126, 'Panchamrit'),
(127, 'Sports Drink'),
(128, 'Milk-UHT'),
(129, 'Camel Milk'),
(130, 'Honey'),
(131, 'Mithai Mate'),
(132, 'Beverages'),
(133, 'Protein'),
(134, 'Organic'),
(135, 'Chocolate'),
(136, 'Infant Food'),
(137, 'Sweets'),
(138, 'Panchamrit'),
(139, 'Sports Drink'),
(140, 'Milk-UHT'),
(141, 'Camel Milk'),
(142, 'Honey'),
(143, 'Mithai Mate'),
(144, 'Beverages'),
(145, 'Protein'),
(146, 'Organic'),
(147, 'Chocolate'),
(148, 'Infant Food'),
(149, 'Sweets'),
(150, 'Panchamrit'),
(151, 'Sports Drink'),
(152, 'Milk-UHT'),
(153, 'Camel Milk'),
(154, 'Honey'),
(155, 'Mithai Mate'),
(156, 'Beverages'),
(157, 'Protein'),
(158, 'Organic'),
(159, 'Chocolate'),
(160, 'Infant Food'),
(161, 'Sweets'),
(162, 'Panchamrit'),
(163, 'Sports Drink'),
(164, 'Milk-UHT'),
(165, 'Camel Milk'),
(166, 'Honey'),
(167, 'Mithai Mate'),
(168, 'Beverages'),
(169, 'Protein'),
(170, 'Organic'),
(171, 'Chocolate'),
(172, 'Infant Food'),
(173, 'Sweets'),
(174, 'Panchamrit'),
(175, 'Sports Drink'),
(176, 'Milk-UHT'),
(177, 'Camel Milk'),
(178, 'Honey'),
(179, 'Mithai Mate'),
(180, 'Beverages'),
(181, 'Protein'),
(182, 'Organic'),
(183, 'Chocolate'),
(184, 'Infant Food'),
(185, 'Sweets'),
(186, 'Panchamrit'),
(187, 'Sports Drink'),
(188, 'Milk-UHT'),
(189, 'Camel Milk'),
(190, 'Honey'),
(191, 'Mithai Mate'),
(192, 'Beverages'),
(193, 'Protein'),
(194, 'Organic'),
(195, 'Chocolate'),
(196, 'Infant Food'),
(197, 'Sweets'),
(198, 'Panchamrit'),
(199, 'Sports Drink'),
(200, 'Milk-UHT'),
(201, 'Camel Milk'),
(202, 'Honey'),
(203, 'Mithai Mate'),
(204, 'Beverages'),
(205, 'Protein'),
(206, 'Organic'),
(207, 'Chocolate'),
(208, 'Infant Food'),
(209, 'Sweets'),
(210, 'Panchamrit'),
(211, 'Sports Drink'),
(212, 'Milk-UHT'),
(213, 'Camel Milk'),
(214, 'Honey'),
(215, 'Mithai Mate'),
(216, 'Beverages'),
(217, 'Protein'),
(218, 'Organic'),
(219, 'Chocolate'),
(220, 'Infant Food'),
(221, 'Sweets'),
(222, 'Panchamrit'),
(223, 'Sports Drink'),
(224, 'Milk-UHT'),
(225, 'Camel Milk'),
(226, 'Honey'),
(227, 'Mithai Mate'),
(228, 'Beverages'),
(229, 'Protein'),
(230, 'Organic'),
(231, 'Chocolate'),
(232, 'Infant Food'),
(233, 'Sweets'),
(234, 'Panchamrit'),
(235, 'Sports Drink'),
(236, 'Milk-UHT'),
(237, 'Camel Milk'),
(238, 'Honey'),
(239, 'Mithai Mate'),
(240, 'Beverages'),
(241, 'Protein'),
(242, 'Organic'),
(243, 'Chocolate'),
(244, 'Infant Food'),
(245, 'Sweets'),
(246, 'Panchamrit'),
(247, 'Sports Drink'),
(248, 'Milk-UHT'),
(249, 'Camel Milk'),
(250, 'Honey'),
(251, 'Mithai Mate'),
(252, 'Beverages'),
(253, 'Protein'),
(254, 'Organic'),
(255, 'Chocolate'),
(256, 'Infant Food'),
(257, 'Sweets'),
(258, 'Panchamrit'),
(259, 'Sports Drink'),
(260, 'Milk-UHT'),
(261, 'Camel Milk'),
(262, 'Honey'),
(263, 'Mithai Mate'),
(264, 'Beverages'),
(265, 'Protein'),
(266, 'Organic'),
(267, 'Chocolate'),
(268, 'Infant Food'),
(269, 'Sweets'),
(270, 'Panchamrit'),
(271, 'Sports Drink'),
(272, 'Milk-UHT'),
(273, 'Camel Milk'),
(274, 'Honey'),
(275, 'Mithai Mate'),
(276, 'Beverages'),
(277, 'Protein'),
(278, 'Organic'),
(279, 'Chocolate'),
(280, 'Infant Food'),
(281, 'Sweets'),
(282, 'Panchamrit'),
(283, 'Sports Drink'),
(284, 'Milk-UHT'),
(285, 'Camel Milk'),
(286, 'Honey'),
(287, 'Mithai Mate'),
(288, 'Beverages'),
(289, 'Protein'),
(290, 'Organic'),
(291, 'Chocolate'),
(292, 'Infant Food'),
(293, 'Sweets'),
(294, 'Panchamrit'),
(295, 'Sports Drink'),
(296, 'Milk-UHT'),
(297, 'Camel Milk'),
(298, 'Honey'),
(299, 'Mithai Mate'),
(300, 'Beverages'),
(301, 'Protein'),
(302, 'Organic'),
(303, 'Chocolate'),
(304, 'Infant Food'),
(305, 'Sweets'),
(306, 'Panchamrit'),
(307, 'Sports Drink'),
(308, 'Milk-UHT'),
(309, 'Camel Milk'),
(310, 'Honey'),
(311, 'Mithai Mate'),
(312, 'Beverages'),
(313, 'Protein'),
(314, 'Organic'),
(315, 'Chocolate'),
(316, 'Infant Food'),
(317, 'Sweets'),
(318, 'Panchamrit'),
(319, 'Sports Drink'),
(320, 'Milk-UHT'),
(321, 'Camel Milk'),
(322, 'Honey'),
(323, 'Mithai Mate'),
(324, 'Beverages'),
(325, 'Protein'),
(326, 'Organic'),
(327, 'Chocolate'),
(328, 'Infant Food'),
(329, 'Sweets'),
(330, 'Panchamrit'),
(331, 'Sports Drink'),
(332, 'Milk-UHT'),
(333, 'Camel Milk'),
(334, 'Honey'),
(335, 'Mithai Mate'),
(336, 'Beverages'),
(337, 'Protein'),
(338, 'Organic'),
(339, 'Chocolate'),
(340, 'Infant Food'),
(341, 'Sweets'),
(342, 'Panchamrit'),
(343, 'Sports Drink'),
(344, 'Milk-UHT'),
(345, 'Camel Milk'),
(346, 'Honey'),
(347, 'Mithai Mate'),
(348, 'Beverages'),
(349, 'Protein'),
(350, 'Organic'),
(351, 'Chocolate'),
(352, 'Infant Food'),
(353, 'Sweets'),
(354, 'Panchamrit'),
(355, 'Sports Drink'),
(356, 'Milk-UHT'),
(357, 'Camel Milk'),
(358, 'Honey'),
(359, 'Mithai Mate'),
(360, 'Beverages'),
(361, 'Protein'),
(362, 'Organic'),
(363, 'Chocolate'),
(364, 'Infant Food'),
(365, 'Sweets'),
(366, 'Panchamrit'),
(367, 'Sports Drink'),
(368, 'Milk-UHT'),
(369, 'Camel Milk'),
(370, 'Honey'),
(371, 'Mithai Mate'),
(372, 'Beverages'),
(373, 'Protein'),
(374, 'Organic'),
(375, 'Chocolate'),
(376, 'Infant Food'),
(377, 'Sweets'),
(378, 'Panchamrit'),
(379, 'Sports Drink'),
(380, 'Milk-UHT'),
(381, 'Camel Milk'),
(382, 'Honey'),
(383, 'Mithai Mate'),
(384, 'Beverages'),
(385, 'Protein'),
(386, 'Organic'),
(387, 'Chocolate'),
(388, 'Infant Food'),
(389, 'Sweets'),
(390, 'Panchamrit'),
(391, 'Sports Drink'),
(392, 'Milk-UHT'),
(393, 'Camel Milk'),
(394, 'Honey'),
(395, 'Mithai Mate'),
(396, 'Beverages'),
(397, 'Protein'),
(398, 'Organic'),
(399, 'Chocolate'),
(400, 'Infant Food'),
(401, 'Sweets'),
(402, 'Panchamrit'),
(403, 'Sports Drink'),
(404, 'Milk-UHT'),
(405, 'Camel Milk'),
(406, 'Honey'),
(407, 'Mithai Mate'),
(408, 'Beverages'),
(409, 'Protein'),
(410, 'Organic'),
(411, 'Chocolate'),
(412, 'Infant Food'),
(413, 'Sweets'),
(414, 'Panchamrit'),
(415, 'Sports Drink'),
(416, 'Milk-UHT'),
(417, 'Camel Milk'),
(418, 'Honey'),
(419, 'Mithai Mate'),
(420, 'Beverages'),
(421, 'Protein'),
(422, 'Organic'),
(423, 'Chocolate'),
(424, 'Infant Food'),
(425, 'Sweets'),
(426, 'Panchamrit'),
(427, 'Sports Drink'),
(428, 'Milk-UHT'),
(429, 'Camel Milk'),
(430, 'Honey'),
(431, 'Mithai Mate'),
(432, 'Beverages'),
(433, 'Protein'),
(434, 'Organic'),
(435, 'Chocolate'),
(436, 'Infant Food'),
(437, 'Sweets'),
(438, 'Panchamrit'),
(439, 'Sports Drink'),
(440, 'Milk-UHT'),
(441, 'Camel Milk'),
(442, 'Honey'),
(443, 'Mithai Mate'),
(444, 'Beverages'),
(445, 'Protein'),
(446, 'Organic'),
(447, 'Chocolate'),
(448, 'Infant Food'),
(449, 'Sweets'),
(450, 'Panchamrit'),
(451, 'Sports Drink'),
(452, 'Milk-UHT'),
(453, 'Camel Milk'),
(454, 'Honey'),
(455, 'Mithai Mate'),
(456, 'Beverages'),
(457, 'Protein'),
(458, 'Organic'),
(459, 'Chocolate'),
(460, 'Infant Food'),
(461, 'Sweets'),
(462, 'Panchamrit'),
(463, 'Sports Drink'),
(464, 'Milk-UHT'),
(465, 'Camel Milk'),
(466, 'Honey'),
(467, 'Mithai Mate'),
(468, 'Beverages'),
(469, 'Protein'),
(470, 'Organic'),
(471, 'Chocolate'),
(472, 'Infant Food'),
(473, 'Sweets'),
(474, 'Panchamrit'),
(475, 'Sports Drink'),
(476, 'Milk-UHT'),
(477, 'Camel Milk'),
(478, 'Honey'),
(479, 'Mithai Mate'),
(480, 'Beverages'),
(481, 'Protein'),
(482, 'Organic'),
(483, 'Chocolate'),
(484, 'Infant Food'),
(485, 'Sweets'),
(486, 'Panchamrit'),
(487, 'Sports Drink'),
(488, 'Milk-UHT'),
(489, 'Camel Milk'),
(490, 'Honey'),
(491, 'Mithai Mate'),
(492, 'Beverages'),
(493, 'Protein'),
(494, 'Organic'),
(495, 'Chocolate'),
(496, 'Infant Food'),
(497, 'Sweets'),
(498, 'Panchamrit'),
(499, 'Sports Drink'),
(500, 'Milk-UHT'),
(501, 'Camel Milk'),
(502, 'Honey'),
(503, 'Mithai Mate'),
(504, 'Beverages'),
(505, 'Protein'),
(506, 'Organic'),
(507, 'Chocolate'),
(508, 'Infant Food'),
(509, 'Sweets'),
(510, 'Panchamrit'),
(511, 'Sports Drink'),
(512, 'Milk-UHT'),
(513, 'Camel Milk'),
(514, 'Honey'),
(515, 'Mithai Mate'),
(516, 'Beverages'),
(517, 'Protein'),
(518, 'Organic'),
(519, 'Chocolate'),
(520, 'Infant Food'),
(521, 'Sweets'),
(522, 'Panchamrit'),
(523, 'Sports Drink'),
(524, 'Milk-UHT'),
(525, 'Camel Milk'),
(526, 'Honey'),
(527, 'Mithai Mate'),
(528, 'Beverages'),
(529, 'Protein'),
(530, 'Organic'),
(531, 'Chocolate'),
(532, 'Infant Food'),
(533, 'Sweets'),
(534, 'Panchamrit'),
(535, 'Sports Drink'),
(536, 'Milk-UHT'),
(537, 'Camel Milk'),
(538, 'Honey'),
(539, 'Mithai Mate'),
(540, 'Beverages'),
(541, 'Protein'),
(542, 'Organic'),
(543, 'Chocolate'),
(544, 'Infant Food'),
(545, 'Sweets'),
(546, 'Panchamrit'),
(547, 'Sports Drink'),
(548, 'Milk-UHT'),
(549, 'Camel Milk'),
(550, 'Honey'),
(551, 'Mithai Mate'),
(552, 'Beverages'),
(553, 'Protein'),
(554, 'Organic'),
(555, 'Chocolate'),
(556, 'Infant Food'),
(557, 'Sweets'),
(558, 'Panchamrit'),
(559, 'Sports Drink'),
(560, 'Milk-UHT'),
(561, 'Camel Milk'),
(562, 'Honey'),
(563, 'Mithai Mate'),
(564, 'Beverages'),
(565, 'Protein'),
(566, 'Organic'),
(567, 'Chocolate'),
(568, 'Infant Food'),
(569, 'Sweets'),
(570, 'Panchamrit'),
(571, 'Sports Drink'),
(572, 'Milk-UHT'),
(573, 'Camel Milk'),
(574, 'Honey'),
(575, 'Mithai Mate'),
(576, 'Beverages'),
(577, 'Protein'),
(578, 'Organic'),
(579, 'Chocolate'),
(580, 'Infant Food'),
(581, 'Sweets'),
(582, 'Panchamrit'),
(583, 'Sports Drink'),
(584, 'Milk-UHT'),
(585, 'Camel Milk'),
(586, 'Honey'),
(587, 'Mithai Mate'),
(588, 'Beverages'),
(589, 'Protein'),
(590, 'Organic'),
(591, 'Chocolate'),
(592, 'Infant Food'),
(593, 'Sweets'),
(594, 'Panchamrit'),
(595, 'Sports Drink'),
(596, 'Milk-UHT'),
(597, 'Camel Milk'),
(598, 'Honey'),
(599, 'Mithai Mate'),
(600, 'Beverages'),
(601, 'Protein'),
(602, 'Organic'),
(603, 'Chocolate'),
(604, 'Infant Food'),
(605, 'Sweets'),
(606, 'Panchamrit'),
(607, 'Sports Drink'),
(608, 'Milk-UHT'),
(609, 'Camel Milk'),
(610, 'Honey'),
(611, 'Mithai Mate'),
(612, 'Beverages'),
(613, 'Protein'),
(614, 'Organic'),
(615, 'Chocolate'),
(616, 'Infant Food'),
(617, 'Sweets'),
(618, 'Panchamrit'),
(619, 'Sports Drink'),
(620, 'Milk-UHT'),
(621, 'Camel Milk'),
(622, 'Honey'),
(623, 'Mithai Mate'),
(624, 'Beverages'),
(625, 'Protein'),
(626, 'Organic'),
(627, 'Chocolate'),
(628, 'Infant Food'),
(629, 'Sweets'),
(630, 'Panchamrit'),
(631, 'Sports Drink'),
(632, 'Milk-UHT'),
(633, 'Camel Milk'),
(634, 'Honey'),
(635, 'Mithai Mate'),
(636, 'Beverages'),
(637, 'Protein'),
(638, 'Organic'),
(639, 'Chocolate'),
(640, 'Infant Food'),
(641, 'Sweets'),
(642, 'Panchamrit'),
(643, 'Sports Drink'),
(644, 'Milk-UHT'),
(645, 'Camel Milk'),
(646, 'Honey'),
(647, 'Mithai Mate'),
(648, 'Beverages'),
(649, 'Protein'),
(650, 'Organic'),
(651, 'Chocolate'),
(652, 'Infant Food'),
(653, 'Sweets'),
(654, 'Panchamrit'),
(655, 'Sports Drink'),
(656, 'Milk-UHT'),
(657, 'Camel Milk'),
(658, 'Honey'),
(659, 'Mithai Mate'),
(660, 'Beverages'),
(661, 'Protein'),
(662, 'Organic'),
(663, 'Chocolate'),
(664, 'Infant Food'),
(665, 'Sweets'),
(666, 'Panchamrit'),
(667, 'Sports Drink'),
(668, 'Milk-UHT'),
(669, 'Camel Milk'),
(670, 'Honey'),
(671, 'Mithai Mate'),
(672, 'Beverages'),
(673, 'Protein'),
(674, 'Organic'),
(675, 'Chocolate'),
(676, 'Infant Food'),
(677, 'Sweets'),
(678, 'Panchamrit'),
(679, 'Sports Drink'),
(680, 'Milk-UHT'),
(681, 'Camel Milk'),
(682, 'Honey'),
(683, 'Mithai Mate'),
(684, 'Beverages'),
(685, 'Protein'),
(686, 'Organic'),
(687, 'Chocolate'),
(688, 'Infant Food'),
(689, 'Sweets'),
(690, 'Panchamrit'),
(691, 'Sports Drink'),
(692, 'Milk-UHT'),
(693, 'Camel Milk'),
(694, 'Honey'),
(695, 'Mithai Mate'),
(696, 'Beverages'),
(697, 'Protein'),
(698, 'Organic'),
(699, 'Chocolate'),
(700, 'Infant Food'),
(701, 'Sweets'),
(702, 'Panchamrit'),
(703, 'Sports Drink'),
(704, 'Milk-UHT'),
(705, 'Camel Milk'),
(706, 'Honey'),
(707, 'Mithai Mate'),
(708, 'Beverages'),
(709, 'Protein'),
(710, 'Organic'),
(711, 'Chocolate'),
(712, 'Infant Food'),
(713, 'Sweets'),
(714, 'Panchamrit'),
(715, 'Sports Drink'),
(716, 'Milk-UHT'),
(717, 'Camel Milk'),
(718, 'Honey'),
(719, 'Mithai Mate'),
(720, 'Beverages'),
(721, 'Protein'),
(722, 'Organic'),
(723, 'Chocolate'),
(724, 'Infant Food'),
(725, 'Sweets'),
(726, 'Panchamrit'),
(727, 'Sports Drink'),
(728, 'Milk-UHT'),
(729, 'Camel Milk'),
(730, 'Honey'),
(731, 'Mithai Mate'),
(732, 'Beverages'),
(733, 'Protein'),
(734, 'Organic'),
(735, 'Chocolate'),
(736, 'Infant Food'),
(737, 'Sweets'),
(738, 'Panchamrit'),
(739, 'Sports Drink'),
(740, 'Milk-UHT'),
(741, 'Camel Milk'),
(742, 'Honey'),
(743, 'Mithai Mate'),
(744, 'Beverages'),
(745, 'Protein'),
(746, 'Organic'),
(747, 'Chocolate'),
(748, 'Infant Food'),
(749, 'Sweets'),
(750, 'Panchamrit'),
(751, 'Sports Drink'),
(752, 'Milk-UHT'),
(753, 'Camel Milk'),
(754, 'Honey'),
(755, 'Mithai Mate'),
(756, 'Beverages'),
(757, 'Protein'),
(758, 'Organic'),
(759, 'Chocolate'),
(760, 'Infant Food'),
(761, 'Sweets'),
(762, 'Panchamrit'),
(763, 'Sports Drink'),
(764, 'Milk-UHT'),
(765, 'Camel Milk'),
(766, 'Honey'),
(767, 'Mithai Mate'),
(768, 'Beverages'),
(769, 'Protein'),
(770, 'Organic'),
(771, 'Chocolate'),
(772, 'Infant Food'),
(773, 'Sweets'),
(774, 'Panchamrit'),
(775, 'Sports Drink'),
(776, 'Milk-UHT'),
(777, 'Camel Milk'),
(778, 'Honey'),
(779, 'Mithai Mate'),
(780, 'Beverages'),
(781, 'Protein'),
(782, 'Organic'),
(783, 'Chocolate'),
(784, 'Infant Food'),
(785, 'Sweets'),
(786, 'Panchamrit'),
(787, 'Sports Drink'),
(788, 'Milk-UHT'),
(789, 'Camel Milk'),
(790, 'Honey'),
(791, 'Mithai Mate'),
(792, 'Beverages'),
(793, 'Protein'),
(794, 'Organic'),
(795, 'Chocolate'),
(796, 'Infant Food'),
(797, 'Sweets'),
(798, 'Panchamrit'),
(799, 'Sports Drink'),
(800, 'Milk-UHT'),
(801, 'Camel Milk'),
(802, 'Honey'),
(803, 'Mithai Mate'),
(804, 'Beverages'),
(805, 'Protein'),
(806, 'Organic'),
(807, 'Chocolate'),
(808, 'Infant Food'),
(809, 'Sweets'),
(810, 'Panchamrit'),
(811, 'Sports Drink'),
(812, 'Milk-UHT'),
(813, 'Camel Milk'),
(814, 'Honey'),
(815, 'Mithai Mate'),
(816, 'Beverages'),
(817, 'Protein'),
(818, 'Organic'),
(819, 'Chocolate'),
(820, 'Infant Food'),
(821, 'Sweets'),
(822, 'Panchamrit'),
(823, 'Sports Drink'),
(824, 'Milk-UHT'),
(825, 'Camel Milk'),
(826, 'Honey'),
(827, 'Mithai Mate'),
(828, 'Beverages'),
(829, 'Protein'),
(830, 'Organic'),
(831, 'Chocolate'),
(832, 'Infant Food'),
(833, 'Sweets'),
(834, 'Panchamrit'),
(835, 'Sports Drink'),
(836, 'Milk-UHT'),
(837, 'Camel Milk'),
(838, 'Honey'),
(839, 'Mithai Mate'),
(840, 'Beverages'),
(841, 'Protein'),
(842, 'Organic'),
(843, 'Chocolate'),
(844, 'Infant Food'),
(845, 'Sweets'),
(846, 'Panchamrit'),
(847, 'Sports Drink'),
(848, 'Milk-UHT'),
(849, 'Camel Milk'),
(850, 'Honey'),
(851, 'Mithai Mate'),
(852, 'Beverages'),
(853, 'Protein'),
(854, 'Organic'),
(855, 'Chocolate'),
(856, 'Infant Food'),
(857, 'Sweets'),
(858, 'Panchamrit'),
(859, 'Sports Drink'),
(860, 'Milk-UHT'),
(861, 'Camel Milk'),
(862, 'Honey'),
(863, 'Mithai Mate'),
(864, 'Beverages'),
(865, 'Protein'),
(866, 'Organic'),
(867, 'Chocolate'),
(868, 'Infant Food'),
(869, 'Sweets'),
(870, 'Panchamrit'),
(871, 'Sports Drink'),
(872, 'Milk-UHT'),
(873, 'Camel Milk'),
(874, 'Honey'),
(875, 'Mithai Mate'),
(876, 'Beverages'),
(877, 'Protein'),
(878, 'Organic'),
(879, 'Chocolate'),
(880, 'Infant Food'),
(881, 'Sweets'),
(882, 'Panchamrit'),
(883, 'Sports Drink'),
(884, 'Milk-UHT'),
(885, 'Camel Milk'),
(886, 'Honey'),
(887, 'Mithai Mate'),
(888, 'Beverages'),
(889, 'Protein'),
(890, 'Organic'),
(891, 'Chocolate'),
(892, 'Infant Food'),
(893, 'Sweets'),
(894, 'Panchamrit'),
(895, 'Sports Drink'),
(896, 'Milk-UHT'),
(897, 'Camel Milk'),
(898, 'Honey'),
(899, 'Mithai Mate'),
(900, 'Beverages'),
(901, 'Protein'),
(902, 'Organic'),
(903, 'Chocolate'),
(904, 'Infant Food'),
(905, 'Sweets'),
(906, 'Panchamrit'),
(907, 'Sports Drink'),
(908, 'Milk-UHT'),
(909, 'Camel Milk'),
(910, 'Honey'),
(911, 'Mithai Mate'),
(912, 'Beverages'),
(913, 'Protein'),
(914, 'Organic'),
(915, 'Chocolate'),
(916, 'Infant Food'),
(917, 'Sweets'),
(918, 'Panchamrit'),
(919, 'Sports Drink'),
(920, 'Milk-UHT'),
(921, 'Camel Milk'),
(922, 'Honey'),
(923, 'Mithai Mate'),
(924, 'Beverages'),
(925, 'Protein'),
(926, 'Organic'),
(927, 'Chocolate'),
(928, 'Infant Food'),
(929, 'Sweets'),
(930, 'Panchamrit'),
(931, 'Sports Drink'),
(932, 'Milk-UHT'),
(933, 'Camel Milk'),
(934, 'Honey'),
(935, 'Mithai Mate'),
(936, 'Beverages'),
(937, 'Protein'),
(938, 'Organic'),
(939, 'Chocolate'),
(940, 'Infant Food'),
(941, 'Sweets'),
(942, 'Panchamrit'),
(943, 'Sports Drink'),
(944, 'Milk-UHT'),
(945, 'Camel Milk'),
(946, 'Honey'),
(947, 'Mithai Mate'),
(948, 'Beverages'),
(949, 'Protein'),
(950, 'Organic'),
(951, 'Chocolate'),
(952, 'Infant Food'),
(953, 'Sweets'),
(954, 'Panchamrit'),
(955, 'Sports Drink'),
(956, 'Milk-UHT'),
(957, 'Camel Milk'),
(958, 'Honey'),
(959, 'Mithai Mate'),
(960, 'Beverages'),
(961, 'Protein'),
(962, 'Organic'),
(963, 'Chocolate'),
(964, 'Infant Food'),
(965, 'Sweets'),
(966, 'Panchamrit'),
(967, 'Sports Drink'),
(968, 'Milk-UHT'),
(969, 'Camel Milk'),
(970, 'Honey'),
(971, 'Mithai Mate'),
(972, 'Beverages'),
(973, 'Protein'),
(974, 'Organic'),
(975, 'Chocolate'),
(976, 'Infant Food'),
(977, 'Sweets'),
(978, 'Panchamrit'),
(979, 'Sports Drink'),
(980, 'Milk-UHT'),
(981, 'Camel Milk'),
(982, 'Honey'),
(983, 'Mithai Mate'),
(984, 'Beverages'),
(985, 'Protein'),
(986, 'Organic'),
(987, 'Chocolate'),
(988, 'Infant Food'),
(989, 'Sweets'),
(990, 'Panchamrit'),
(991, 'Sports Drink'),
(992, 'Milk-UHT'),
(993, 'Camel Milk'),
(994, 'Honey'),
(995, 'Mithai Mate'),
(996, 'Beverages'),
(997, 'Protein'),
(998, 'Organic'),
(999, 'Chocolate'),
(1000, 'Infant Food'),
(1001, 'Sweets'),
(1002, 'Panchamrit'),
(1003, 'Sports Drink'),
(1004, 'Milk-UHT'),
(1005, 'Camel Milk'),
(1006, 'Honey'),
(1007, 'Mithai Mate'),
(1008, 'Beverages'),
(1009, 'Protein'),
(1010, 'Organic'),
(1011, 'Chocolate'),
(1012, 'Infant Food'),
(1013, 'Sweets'),
(1014, 'Panchamrit'),
(1015, 'Sports Drink'),
(1016, 'Milk-UHT'),
(1017, 'Camel Milk'),
(1018, 'Honey'),
(1019, 'Mithai Mate'),
(1020, 'Beverages'),
(1021, 'Protein'),
(1022, 'Organic'),
(1023, 'Chocolate'),
(1024, 'Infant Food'),
(1025, 'Sweets'),
(1026, 'Panchamrit'),
(1027, 'Sports Drink'),
(1028, 'Milk-UHT'),
(1029, 'Camel Milk'),
(1030, 'Honey'),
(1031, 'Mithai Mate'),
(1032, 'Beverages'),
(1033, 'Protein'),
(1034, 'Organic'),
(1035, 'Chocolate'),
(1036, 'Infant Food'),
(1037, 'Sweets'),
(1038, 'Panchamrit'),
(1039, 'Sports Drink'),
(1040, 'Milk-UHT'),
(1041, 'Camel Milk'),
(1042, 'Honey'),
(1043, 'Mithai Mate'),
(1044, 'Beverages'),
(1045, 'Protein'),
(1046, 'Organic'),
(1047, 'Chocolate'),
(1048, 'Infant Food'),
(1049, 'Sweets'),
(1050, 'Panchamrit'),
(1051, 'Sports Drink'),
(1052, 'Milk-UHT'),
(1053, 'Camel Milk'),
(1054, 'Honey'),
(1055, 'Mithai Mate'),
(1056, 'Beverages'),
(1057, 'Protein'),
(1058, 'Organic'),
(1059, 'Chocolate'),
(1060, 'Infant Food'),
(1061, 'Sweets'),
(1062, 'Panchamrit'),
(1063, 'Sports Drink'),
(1064, 'Milk-UHT'),
(1065, 'Camel Milk'),
(1066, 'Honey'),
(1067, 'Mithai Mate'),
(1068, 'Beverages'),
(1069, 'Protein'),
(1070, 'Organic'),
(1071, 'Chocolate'),
(1072, 'Infant Food'),
(1073, 'Sweets'),
(1074, 'Panchamrit'),
(1075, 'Sports Drink'),
(1076, 'Milk-UHT'),
(1077, 'Camel Milk'),
(1078, 'Honey'),
(1079, 'Mithai Mate'),
(1080, 'Beverages'),
(1081, 'Protein'),
(1082, 'Organic'),
(1083, 'Chocolate'),
(1084, 'Infant Food'),
(1085, 'Sweets'),
(1086, 'Panchamrit'),
(1087, 'Sports Drink'),
(1088, 'Milk-UHT'),
(1089, 'Camel Milk'),
(1090, 'Honey'),
(1091, 'Mithai Mate'),
(1092, 'Beverages'),
(1093, 'Protein'),
(1094, 'Organic'),
(1095, 'Chocolate'),
(1096, 'Infant Food'),
(1097, 'Sweets'),
(1098, 'Panchamrit'),
(1099, 'Sports Drink'),
(1100, 'Milk-UHT'),
(1101, 'Camel Milk'),
(1102, 'Honey'),
(1103, 'Mithai Mate'),
(1104, 'Beverages'),
(1105, 'Protein'),
(1106, 'Organic'),
(1107, 'Chocolate'),
(1108, 'Infant Food'),
(1109, 'Sweets'),
(1110, 'Panchamrit'),
(1111, 'Sports Drink'),
(1112, 'Milk-UHT'),
(1113, 'Camel Milk'),
(1114, 'Honey'),
(1115, 'Mithai Mate'),
(1116, 'Beverages'),
(1117, 'Protein'),
(1118, 'Organic'),
(1119, 'Chocolate'),
(1120, 'Infant Food'),
(1121, 'Sweets'),
(1122, 'Panchamrit'),
(1123, 'Sports Drink'),
(1124, 'Milk-UHT'),
(1125, 'Camel Milk'),
(1126, 'Honey'),
(1127, 'Mithai Mate'),
(1128, 'Beverages'),
(1129, 'Protein'),
(1130, 'Organic'),
(1131, 'Chocolate'),
(1132, 'Infant Food'),
(1133, 'Sweets'),
(1134, 'Panchamrit'),
(1135, 'Sports Drink'),
(1136, 'Milk-UHT'),
(1137, 'Camel Milk'),
(1138, 'Honey'),
(1139, 'Mithai Mate'),
(1140, 'Beverages'),
(1141, 'Protein'),
(1142, 'Organic'),
(1143, 'Chocolate'),
(1144, 'Infant Food'),
(1145, 'Sweets'),
(1146, 'Panchamrit'),
(1147, 'Sports Drink'),
(1148, 'Milk-UHT'),
(1149, 'Camel Milk'),
(1150, 'Honey'),
(1151, 'Mithai Mate'),
(1152, 'Beverages'),
(1153, 'Protein'),
(1154, 'Organic'),
(1155, 'Chocolate'),
(1156, 'Infant Food'),
(1157, 'Sweets'),
(1158, 'Panchamrit'),
(1159, 'Sports Drink'),
(1160, 'Milk-UHT'),
(1161, 'Camel Milk'),
(1162, 'Honey'),
(1163, 'Mithai Mate'),
(1164, 'Beverages'),
(1165, 'Protein'),
(1166, 'Organic'),
(1167, 'Chocolate'),
(1168, 'Infant Food'),
(1169, 'Sweets'),
(1170, 'Panchamrit'),
(1171, 'Sports Drink'),
(1172, 'Milk-UHT'),
(1173, 'Camel Milk'),
(1174, 'Honey'),
(1175, 'Mithai Mate'),
(1176, 'Beverages'),
(1177, 'Protein'),
(1178, 'Organic'),
(1179, 'Chocolate'),
(1180, 'Infant Food'),
(1181, 'Sweets'),
(1182, 'Panchamrit'),
(1183, 'Sports Drink'),
(1184, 'Milk-UHT'),
(1185, 'Camel Milk'),
(1186, 'Honey'),
(1187, 'Mithai Mate'),
(1188, 'Beverages'),
(1189, 'Protein'),
(1190, 'Organic'),
(1191, 'Chocolate'),
(1192, 'Infant Food'),
(1193, 'Sweets'),
(1194, 'Panchamrit'),
(1195, 'Sports Drink'),
(1196, 'Milk-UHT'),
(1197, 'Camel Milk'),
(1198, 'Honey'),
(1199, 'Mithai Mate'),
(1200, 'Beverages'),
(1201, 'Protein'),
(1202, 'Organic'),
(1203, 'Chocolate'),
(1204, 'Infant Food'),
(1205, 'Sweets'),
(1206, 'Panchamrit'),
(1207, 'Sports Drink'),
(1208, 'Milk-UHT'),
(1209, 'Camel Milk'),
(1210, 'Honey'),
(1211, 'Mithai Mate'),
(1212, 'Beverages'),
(1213, 'Protein'),
(1214, 'Organic'),
(1215, 'Chocolate'),
(1216, 'Infant Food'),
(1217, 'Sweets'),
(1218, 'Panchamrit'),
(1219, 'Sports Drink'),
(1220, 'Milk-UHT'),
(1221, 'Camel Milk'),
(1222, 'Honey'),
(1223, 'Mithai Mate'),
(1224, 'Beverages'),
(1225, 'Protein'),
(1226, 'Organic'),
(1227, 'Chocolate'),
(1228, 'Infant Food'),
(1229, 'Sweets'),
(1230, 'Panchamrit'),
(1231, 'Sports Drink'),
(1232, 'Milk-UHT'),
(1233, 'Camel Milk'),
(1234, 'Honey'),
(1235, 'Mithai Mate'),
(1236, 'Beverages'),
(1237, 'Protein'),
(1238, 'Organic'),
(1239, 'Chocolate'),
(1240, 'Infant Food'),
(1241, 'Sweets'),
(1242, 'Panchamrit'),
(1243, 'Sports Drink'),
(1244, 'Milk-UHT'),
(1245, 'Camel Milk'),
(1246, 'Honey'),
(1247, 'Mithai Mate'),
(1248, 'Beverages'),
(1249, 'Protein'),
(1250, 'Organic'),
(1251, 'Chocolate'),
(1252, 'Infant Food'),
(1253, 'Sweets'),
(1254, 'Panchamrit'),
(1255, 'Sports Drink'),
(1256, 'Milk-UHT'),
(1257, 'Camel Milk'),
(1258, 'Honey'),
(1259, 'Mithai Mate'),
(1260, 'Beverages'),
(1261, 'Protein'),
(1262, 'Organic'),
(1263, 'Chocolate'),
(1264, 'Infant Food'),
(1265, 'Sweets'),
(1266, 'Panchamrit'),
(1267, 'Sports Drink'),
(1268, 'Milk-UHT'),
(1269, 'Camel Milk'),
(1270, 'Honey'),
(1271, 'Mithai Mate'),
(1272, 'Beverages'),
(1273, 'Protein'),
(1274, 'Organic'),
(1275, 'Chocolate'),
(1276, 'Infant Food'),
(1277, 'Sweets'),
(1278, 'Panchamrit'),
(1279, 'Sports Drink'),
(1280, 'Milk-UHT'),
(1281, 'Camel Milk'),
(1282, 'Honey'),
(1283, 'Mithai Mate'),
(1284, 'Beverages'),
(1285, 'Protein'),
(1286, 'Organic'),
(1287, 'Chocolate'),
(1288, 'Infant Food'),
(1289, 'Sweets'),
(1290, 'Panchamrit'),
(1291, 'Sports Drink'),
(1292, 'Milk-UHT'),
(1293, 'Camel Milk'),
(1294, 'Honey'),
(1295, 'Mithai Mate'),
(1296, 'Beverages'),
(1297, 'Protein'),
(1298, 'Organic'),
(1299, 'Chocolate'),
(1300, 'Infant Food'),
(1301, 'Sweets'),
(1302, 'Panchamrit'),
(1303, 'Sports Drink'),
(1304, 'Milk-UHT'),
(1305, 'Camel Milk'),
(1306, 'Honey'),
(1307, 'Mithai Mate'),
(1308, 'Beverages'),
(1309, 'Protein'),
(1310, 'Organic'),
(1311, 'Chocolate'),
(1312, 'Infant Food'),
(1313, 'Sweets'),
(1314, 'Panchamrit'),
(1315, 'Sports Drink'),
(1316, 'Milk-UHT'),
(1317, 'Camel Milk'),
(1318, 'Honey'),
(1319, 'Mithai Mate'),
(1320, 'Beverages'),
(1321, 'Protein'),
(1322, 'Organic'),
(1323, 'Chocolate'),
(1324, 'Infant Food'),
(1325, 'Sweets'),
(1326, 'Panchamrit'),
(1327, 'Sports Drink'),
(1328, 'Milk-UHT'),
(1329, 'Camel Milk'),
(1330, 'Honey'),
(1331, 'Mithai Mate'),
(1332, 'Beverages'),
(1333, 'Protein'),
(1334, 'Organic'),
(1335, 'Chocolate'),
(1336, 'Infant Food'),
(1337, 'Sweets'),
(1338, 'Panchamrit'),
(1339, 'Sports Drink'),
(1340, 'Milk-UHT'),
(1341, 'Camel Milk'),
(1342, 'Honey'),
(1343, 'Mithai Mate'),
(1344, 'Beverages'),
(1345, 'Protein'),
(1346, 'Organic'),
(1347, 'Chocolate'),
(1348, 'Infant Food'),
(1349, 'Sweets'),
(1350, 'Panchamrit'),
(1351, 'Sports Drink'),
(1352, 'Milk-UHT'),
(1353, 'Camel Milk'),
(1354, 'Honey'),
(1355, 'Mithai Mate'),
(1356, 'Beverages'),
(1357, 'Protein'),
(1358, 'Organic'),
(1359, 'Chocolate'),
(1360, 'Infant Food'),
(1361, 'Sweets'),
(1362, 'Panchamrit'),
(1363, 'Sports Drink'),
(1364, 'Milk-UHT'),
(1365, 'Camel Milk'),
(1366, 'Honey'),
(1367, 'Mithai Mate'),
(1368, 'Beverages'),
(1369, 'Protein'),
(1370, 'Organic'),
(1371, 'Chocolate'),
(1372, 'Infant Food'),
(1373, 'Sweets'),
(1374, 'Panchamrit'),
(1375, 'Sports Drink'),
(1376, 'Milk-UHT'),
(1377, 'Camel Milk'),
(1378, 'Honey'),
(1379, 'Mithai Mate'),
(1380, 'Beverages'),
(1381, 'Protein'),
(1382, 'Organic'),
(1383, 'Chocolate'),
(1384, 'Infant Food'),
(1385, 'Sweets'),
(1386, 'Panchamrit'),
(1387, 'Sports Drink'),
(1388, 'Milk-UHT'),
(1389, 'Camel Milk'),
(1390, 'Honey'),
(1391, 'Mithai Mate'),
(1392, 'Beverages'),
(1393, 'Protein'),
(1394, 'Organic'),
(1395, 'Chocolate'),
(1396, 'Infant Food'),
(1397, 'Sweets'),
(1398, 'Panchamrit'),
(1399, 'Sports Drink'),
(1400, 'Milk-UHT'),
(1401, 'Camel Milk'),
(1402, 'Honey'),
(1403, 'Mithai Mate'),
(1404, 'Beverages'),
(1405, 'Protein'),
(1406, 'Organic'),
(1407, 'Chocolate'),
(1408, 'Infant Food'),
(1409, 'Sweets'),
(1410, 'Panchamrit'),
(1411, 'Sports Drink'),
(1412, 'Milk-UHT'),
(1413, 'Camel Milk'),
(1414, 'Honey'),
(1415, 'Mithai Mate'),
(1416, 'Beverages'),
(1417, 'Protein'),
(1418, 'Organic'),
(1419, 'Chocolate'),
(1420, 'Infant Food'),
(1421, 'Sweets'),
(1422, 'Panchamrit'),
(1423, 'Sports Drink'),
(1424, 'Milk-UHT'),
(1425, 'Camel Milk'),
(1426, 'Honey'),
(1427, 'Mithai Mate'),
(1428, 'Beverages'),
(1429, 'Protein'),
(1430, 'Organic'),
(1431, 'Chocolate'),
(1432, 'Infant Food'),
(1433, 'Sweets'),
(1434, 'Panchamrit'),
(1435, 'Sports Drink'),
(1436, 'Milk-UHT'),
(1437, 'Camel Milk'),
(1438, 'Honey'),
(1439, 'Mithai Mate'),
(1440, 'Beverages'),
(1441, 'Protein'),
(1442, 'Organic'),
(1443, 'Chocolate'),
(1444, 'Infant Food'),
(1445, 'Sweets'),
(1446, 'Panchamrit'),
(1447, 'Sports Drink'),
(1448, 'Milk-UHT'),
(1449, 'Camel Milk'),
(1450, 'Honey'),
(1451, 'Mithai Mate'),
(1452, 'Beverages'),
(1453, 'Protein'),
(1454, 'Organic'),
(1455, 'Chocolate'),
(1456, 'Infant Food'),
(1457, 'Sweets'),
(1458, 'Panchamrit'),
(1459, 'Sports Drink'),
(1460, 'Milk-UHT'),
(1461, 'Camel Milk'),
(1462, 'Honey'),
(1463, 'Mithai Mate'),
(1464, 'Beverages'),
(1465, 'Protein'),
(1466, 'Organic'),
(1467, 'Chocolate'),
(1468, 'Infant Food'),
(1469, 'Sweets'),
(1470, 'Panchamrit'),
(1471, 'Sports Drink'),
(1472, 'Milk-UHT'),
(1473, 'Camel Milk'),
(1474, 'Honey'),
(1475, 'Mithai Mate'),
(1476, 'Beverages'),
(1477, 'Protein'),
(1478, 'Organic'),
(1479, 'Chocolate'),
(1480, 'Infant Food'),
(1481, 'Sweets'),
(1482, 'Panchamrit'),
(1483, 'Sports Drink'),
(1484, 'Milk-UHT'),
(1485, 'Camel Milk'),
(1486, 'Honey'),
(1487, 'Mithai Mate'),
(1488, 'Beverages'),
(1489, 'Protein'),
(1490, 'Organic'),
(1491, 'Chocolate'),
(1492, 'Infant Food'),
(1493, 'Sweets'),
(1494, 'Panchamrit'),
(1495, 'Sports Drink'),
(1496, 'Milk-UHT'),
(1497, 'Camel Milk'),
(1498, 'Honey'),
(1499, 'Mithai Mate'),
(1500, 'Beverages'),
(1501, 'Protein'),
(1502, 'Organic'),
(1503, 'Chocolate'),
(1504, 'Infant Food'),
(1505, 'Sweets'),
(1506, 'Panchamrit'),
(1507, 'Sports Drink'),
(1508, 'Milk-UHT'),
(1509, 'Camel Milk'),
(1510, 'Honey'),
(1511, 'Mithai Mate'),
(1512, 'Beverages'),
(1513, 'Protein'),
(1514, 'Organic'),
(1515, 'Chocolate'),
(1516, 'Infant Food'),
(1517, 'Sweets'),
(1518, 'Panchamrit'),
(1519, 'Sports Drink'),
(1520, 'Milk-UHT'),
(1521, 'Camel Milk'),
(1522, 'Honey'),
(1523, 'Mithai Mate'),
(1524, 'Beverages'),
(1525, 'Protein'),
(1526, 'Organic'),
(1527, 'Chocolate'),
(1528, 'Infant Food'),
(1529, 'Sweets'),
(1530, 'Panchamrit'),
(1531, 'Sports Drink'),
(1532, 'Milk-UHT'),
(1533, 'Camel Milk'),
(1534, 'Honey'),
(1535, 'Mithai Mate'),
(1536, 'Beverages'),
(1537, 'Protein'),
(1538, 'Organic'),
(1539, 'Chocolate'),
(1540, 'Infant Food'),
(1541, 'Sweets'),
(1542, 'Panchamrit'),
(1543, 'Sports Drink'),
(1544, 'Milk-UHT'),
(1545, 'Camel Milk'),
(1546, 'Honey'),
(1547, 'Mithai Mate'),
(1548, 'Beverages'),
(1549, 'Protein'),
(1550, 'Organic'),
(1551, 'Chocolate'),
(1552, 'Infant Food'),
(1553, 'Sweets'),
(1554, 'Panchamrit'),
(1555, 'Sports Drink'),
(1556, 'Milk-UHT'),
(1557, 'Camel Milk'),
(1558, 'Honey'),
(1559, 'Mithai Mate'),
(1560, 'Beverages'),
(1561, 'Protein'),
(1562, 'Organic'),
(1563, 'Chocolate'),
(1564, 'Infant Food'),
(1565, 'Sweets'),
(1566, 'Panchamrit'),
(1567, 'Sports Drink'),
(1568, 'Milk-UHT'),
(1569, 'Camel Milk'),
(1570, 'Honey'),
(1571, 'Mithai Mate'),
(1572, 'Beverages'),
(1573, 'Protein'),
(1574, 'Organic'),
(1575, 'Chocolate'),
(1576, 'Infant Food'),
(1577, 'Sweets'),
(1578, 'Panchamrit'),
(1579, 'Sports Drink'),
(1580, 'Milk-UHT'),
(1581, 'Camel Milk'),
(1582, 'Honey'),
(1583, 'Mithai Mate'),
(1584, 'Beverages'),
(1585, 'Protein'),
(1586, 'Organic'),
(1587, 'Chocolate'),
(1588, 'Infant Food'),
(1589, 'Sweets'),
(1590, 'Panchamrit'),
(1591, 'Sports Drink'),
(1592, 'Milk-UHT'),
(1593, 'Camel Milk'),
(1594, 'Honey'),
(1595, 'Mithai Mate'),
(1596, 'Beverages'),
(1597, 'Protein'),
(1598, 'Organic'),
(1599, 'Chocolate'),
(1600, 'Infant Food'),
(1601, 'Sweets'),
(1602, 'Panchamrit'),
(1603, 'Sports Drink'),
(1604, 'Milk-UHT'),
(1605, 'Camel Milk'),
(1606, 'Honey'),
(1607, 'Mithai Mate'),
(1608, 'Beverages'),
(1609, 'Protein'),
(1610, 'Organic'),
(1611, 'Chocolate'),
(1612, 'Infant Food'),
(1613, 'Sweets'),
(1614, 'Panchamrit'),
(1615, 'Sports Drink'),
(1616, 'Milk-UHT'),
(1617, 'Camel Milk'),
(1618, 'Honey'),
(1619, 'Mithai Mate'),
(1620, 'Beverages'),
(1621, 'Protein'),
(1622, 'Organic'),
(1623, 'Chocolate'),
(1624, 'Infant Food'),
(1625, 'Sweets'),
(1626, 'Panchamrit'),
(1627, 'Sports Drink'),
(1628, 'Milk-UHT'),
(1629, 'Camel Milk'),
(1630, 'Honey'),
(1631, 'Mithai Mate'),
(1632, 'Beverages'),
(1633, 'Protein'),
(1634, 'Organic'),
(1635, 'Chocolate'),
(1636, 'Infant Food'),
(1637, 'Sweets'),
(1638, 'Panchamrit'),
(1639, 'Sports Drink'),
(1640, 'Milk-UHT'),
(1641, 'Camel Milk'),
(1642, 'Honey'),
(1643, 'Mithai Mate'),
(1644, 'Beverages'),
(1645, 'Protein'),
(1646, 'Organic'),
(1647, 'Chocolate'),
(1648, 'Infant Food'),
(1649, 'Sweets'),
(1650, 'Panchamrit'),
(1651, 'Sports Drink'),
(1652, 'Milk-UHT'),
(1653, 'Camel Milk'),
(1654, 'Honey'),
(1655, 'Mithai Mate'),
(1656, 'Beverages'),
(1657, 'Protein'),
(1658, 'Organic'),
(1659, 'Chocolate'),
(1660, 'Infant Food'),
(1661, 'Sweets'),
(1662, 'Panchamrit'),
(1663, 'Sports Drink'),
(1664, 'Milk-UHT'),
(1665, 'Camel Milk'),
(1666, 'Honey'),
(1667, 'Mithai Mate'),
(1668, 'Beverages'),
(1669, 'Protein'),
(1670, 'Organic'),
(1671, 'Chocolate'),
(1672, 'Infant Food'),
(1673, 'Sweets'),
(1674, 'Panchamrit'),
(1675, 'Sports Drink'),
(1676, 'Milk-UHT'),
(1677, 'Camel Milk'),
(1678, 'Honey'),
(1679, 'Mithai Mate'),
(1680, 'Beverages'),
(1681, 'Protein'),
(1682, 'Organic'),
(1683, 'Chocolate'),
(1684, 'Infant Food'),
(1685, 'Sweets'),
(1686, 'Panchamrit'),
(1687, 'Sports Drink'),
(1688, 'Milk-UHT'),
(1689, 'Camel Milk'),
(1690, 'Honey'),
(1691, 'Mithai Mate'),
(1692, 'Beverages'),
(1693, 'Protein'),
(1694, 'Organic'),
(1695, 'Chocolate'),
(1696, 'Infant Food'),
(1697, 'Sweets'),
(1698, 'Panchamrit'),
(1699, 'Sports Drink'),
(1700, 'Milk-UHT'),
(1701, 'Camel Milk'),
(1702, 'Honey'),
(1703, 'Mithai Mate'),
(1704, 'Beverages'),
(1705, 'Protein'),
(1706, 'Organic'),
(1707, 'Chocolate'),
(1708, 'Infant Food'),
(1709, 'Sweets'),
(1710, 'Panchamrit'),
(1711, 'Sports Drink'),
(1712, 'Milk-UHT'),
(1713, 'Camel Milk'),
(1714, 'Honey'),
(1715, 'Mithai Mate'),
(1716, 'Beverages'),
(1717, 'Protein'),
(1718, 'Organic'),
(1719, 'Chocolate'),
(1720, 'Infant Food'),
(1721, 'Sweets'),
(1722, 'Panchamrit'),
(1723, 'Sports Drink'),
(1724, 'Milk-UHT'),
(1725, 'Camel Milk'),
(1726, 'Honey'),
(1727, 'Mithai Mate'),
(1728, 'Beverages'),
(1729, 'Protein'),
(1730, 'Organic'),
(1731, 'Chocolate'),
(1732, 'Infant Food'),
(1733, 'Sweets'),
(1734, 'Panchamrit'),
(1735, 'Sports Drink'),
(1736, 'Milk-UHT'),
(1737, 'Camel Milk'),
(1738, 'Honey'),
(1739, 'Mithai Mate'),
(1740, 'Beverages'),
(1741, 'Protein'),
(1742, 'Organic'),
(1743, 'Chocolate'),
(1744, 'Infant Food'),
(1745, 'Sweets'),
(1746, 'Panchamrit'),
(1747, 'Sports Drink'),
(1748, 'Milk-UHT'),
(1749, 'Camel Milk'),
(1750, 'Honey'),
(1751, 'Mithai Mate'),
(1752, 'Beverages'),
(1753, 'Protein'),
(1754, 'Organic'),
(1755, 'Chocolate'),
(1756, 'Infant Food'),
(1757, 'Sweets'),
(1758, 'Panchamrit'),
(1759, 'Sports Drink'),
(1760, 'Milk-UHT'),
(1761, 'Camel Milk'),
(1762, 'Honey'),
(1763, 'Mithai Mate'),
(1764, 'Beverages'),
(1765, 'Protein'),
(1766, 'Organic'),
(1767, 'Chocolate'),
(1768, 'Infant Food'),
(1769, 'Sweets'),
(1770, 'Panchamrit'),
(1771, 'Sports Drink'),
(1772, 'Milk-UHT'),
(1773, 'Camel Milk'),
(1774, 'Honey'),
(1775, 'Mithai Mate'),
(1776, 'Beverages'),
(1777, 'Protein'),
(1778, 'Organic'),
(1779, 'Chocolate'),
(1780, 'Infant Food'),
(1781, 'Sweets'),
(1782, 'Panchamrit'),
(1783, 'Sports Drink'),
(1784, 'Milk-UHT'),
(1785, 'Camel Milk'),
(1786, 'Honey'),
(1787, 'Mithai Mate'),
(1788, 'Beverages'),
(1789, 'Protein'),
(1790, 'Organic'),
(1791, 'Chocolate'),
(1792, 'Infant Food'),
(1793, 'Sweets'),
(1794, 'Panchamrit'),
(1795, 'Sports Drink'),
(1796, 'Milk-UHT'),
(1797, 'Camel Milk'),
(1798, 'Honey'),
(1799, 'Mithai Mate'),
(1800, 'Beverages'),
(1801, 'Protein'),
(1802, 'Organic'),
(1803, 'Chocolate'),
(1804, 'Infant Food'),
(1805, 'Sweets'),
(1806, 'Panchamrit'),
(1807, 'Sports Drink'),
(1808, 'Milk-UHT'),
(1809, 'Camel Milk'),
(1810, 'Honey'),
(1811, 'Mithai Mate'),
(1812, 'Beverages'),
(1813, 'Protein'),
(1814, 'Organic'),
(1815, 'Chocolate'),
(1816, 'Infant Food'),
(1817, 'Sweets'),
(1818, 'Panchamrit'),
(1819, 'Sports Drink'),
(1820, 'Milk-UHT'),
(1821, 'Camel Milk'),
(1822, 'Honey'),
(1823, 'Mithai Mate'),
(1824, 'Beverages'),
(1825, 'Protein'),
(1826, 'Organic'),
(1827, 'Chocolate'),
(1828, 'Infant Food'),
(1829, 'Sweets'),
(1830, 'Panchamrit'),
(1831, 'Sports Drink'),
(1832, 'Milk-UHT'),
(1833, 'Camel Milk'),
(1834, 'Honey'),
(1835, 'Mithai Mate'),
(1836, 'Beverages'),
(1837, 'Protein'),
(1838, 'Organic'),
(1839, 'Chocolate'),
(1840, 'Infant Food'),
(1841, 'Sweets'),
(1842, 'Panchamrit'),
(1843, 'Sports Drink'),
(1844, 'Milk-UHT'),
(1845, 'Camel Milk'),
(1846, 'Honey'),
(1847, 'Mithai Mate'),
(1848, 'Beverages'),
(1849, 'Protein'),
(1850, 'Organic'),
(1851, 'Chocolate'),
(1852, 'Infant Food'),
(1853, 'Sweets'),
(1854, 'Panchamrit'),
(1855, 'Sports Drink'),
(1856, 'Milk-UHT'),
(1857, 'Camel Milk'),
(1858, 'Honey'),
(1859, 'Mithai Mate'),
(1860, 'Beverages'),
(1861, 'Protein'),
(1862, 'Organic'),
(1863, 'Chocolate'),
(1864, 'Infant Food'),
(1865, 'Sweets'),
(1866, 'Panchamrit'),
(1867, 'Sports Drink'),
(1868, 'Milk-UHT'),
(1869, 'Camel Milk'),
(1870, 'Honey'),
(1871, 'Mithai Mate'),
(1872, 'Beverages'),
(1873, 'Protein'),
(1874, 'Organic'),
(1875, 'Chocolate'),
(1876, 'Infant Food'),
(1877, 'Sweets'),
(1878, 'Panchamrit'),
(1879, 'Sports Drink'),
(1880, 'Milk-UHT'),
(1881, 'Camel Milk'),
(1882, 'Honey'),
(1883, 'Mithai Mate'),
(1884, 'Beverages'),
(1885, 'Protein'),
(1886, 'Organic'),
(1887, 'Chocolate'),
(1888, 'Infant Food'),
(1889, 'Sweets'),
(1890, 'Panchamrit'),
(1891, 'Sports Drink'),
(1892, 'Milk-UHT'),
(1893, 'Camel Milk'),
(1894, 'Honey'),
(1895, 'Mithai Mate'),
(1896, 'Beverages'),
(1897, 'Protein'),
(1898, 'Organic'),
(1899, 'Chocolate'),
(1900, 'Infant Food'),
(1901, 'Sweets'),
(1902, 'Panchamrit'),
(1903, 'Sports Drink'),
(1904, 'Milk-UHT'),
(1905, 'Camel Milk'),
(1906, 'Honey'),
(1907, 'Mithai Mate'),
(1908, 'Beverages'),
(1909, 'Protein'),
(1910, 'Organic'),
(1911, 'Chocolate'),
(1912, 'Infant Food'),
(1913, 'Sweets'),
(1914, 'Panchamrit'),
(1915, 'Sports Drink'),
(1916, 'Milk-UHT'),
(1917, 'Camel Milk'),
(1918, 'Honey'),
(1919, 'Mithai Mate'),
(1920, 'Beverages'),
(1921, 'Protein'),
(1922, 'Organic'),
(1923, 'Chocolate'),
(1924, 'Infant Food'),
(1925, 'Sweets'),
(1926, 'Panchamrit'),
(1927, 'Sports Drink'),
(1928, 'Milk-UHT'),
(1929, 'Camel Milk'),
(1930, 'Honey'),
(1931, 'Mithai Mate'),
(1932, 'Beverages'),
(1933, 'Protein'),
(1934, 'Organic'),
(1935, 'Chocolate'),
(1936, 'Infant Food'),
(1937, 'Sweets'),
(1938, 'Panchamrit'),
(1939, 'Sports Drink'),
(1940, 'Milk-UHT'),
(1941, 'Camel Milk'),
(1942, 'Honey'),
(1943, 'Mithai Mate'),
(1944, 'Beverages'),
(1945, 'Protein'),
(1946, 'Organic'),
(1947, 'Chocolate'),
(1948, 'Infant Food'),
(1949, 'Sweets'),
(1950, 'Panchamrit'),
(1951, 'Sports Drink'),
(1952, 'Milk-UHT'),
(1953, 'Camel Milk'),
(1954, 'Honey'),
(1955, 'Mithai Mate'),
(1956, 'Beverages'),
(1957, 'Protein'),
(1958, 'Organic'),
(1959, 'Chocolate'),
(1960, 'Infant Food'),
(1961, 'Sweets'),
(1962, 'Panchamrit'),
(1963, 'Sports Drink'),
(1964, 'Milk-UHT'),
(1965, 'Camel Milk'),
(1966, 'Honey'),
(1967, 'Mithai Mate'),
(1968, 'Beverages'),
(1969, 'Protein'),
(1970, 'Organic'),
(1971, 'Chocolate'),
(1972, 'Infant Food'),
(1973, 'Sweets'),
(1974, 'Panchamrit'),
(1975, 'Sports Drink'),
(1976, 'Milk-UHT'),
(1977, 'Camel Milk'),
(1978, 'Honey'),
(1979, 'Mithai Mate'),
(1980, 'Beverages'),
(1981, 'Protein'),
(1982, 'Organic'),
(1983, 'Chocolate'),
(1984, 'Infant Food'),
(1985, 'Sweets'),
(1986, 'Panchamrit'),
(1987, 'Sports Drink'),
(1988, 'Milk-UHT'),
(1989, 'Camel Milk'),
(1990, 'Honey'),
(1991, 'Mithai Mate'),
(1992, 'Beverages'),
(1993, 'Protein'),
(1994, 'Organic'),
(1995, 'Chocolate'),
(1996, 'Infant Food'),
(1997, 'Sweets'),
(1998, 'Panchamrit'),
(1999, 'Sports Drink'),
(2000, 'Milk-UHT'),
(2001, 'Camel Milk'),
(2002, 'Honey'),
(2003, 'Mithai Mate'),
(2004, 'Beverages'),
(2005, 'Protein'),
(2006, 'Organic'),
(2007, 'Chocolate'),
(2008, 'Infant Food'),
(2009, 'Sweets'),
(2010, 'Panchamrit'),
(2011, 'Sports Drink'),
(2012, 'Milk-UHT'),
(2013, 'Camel Milk'),
(2014, 'Honey'),
(2015, 'Mithai Mate'),
(2016, 'Beverages'),
(2017, 'Protein'),
(2018, 'Organic'),
(2019, 'Chocolate'),
(2020, 'Infant Food'),
(2021, 'Sweets'),
(2022, 'Panchamrit'),
(2023, 'Sports Drink'),
(2024, 'Milk-UHT'),
(2025, 'Camel Milk'),
(2026, 'Honey'),
(2027, 'Mithai Mate'),
(2028, 'Beverages'),
(2029, 'Protein'),
(2030, 'Organic'),
(2031, 'Chocolate'),
(2032, 'Infant Food'),
(2033, 'Sweets'),
(2034, 'Panchamrit'),
(2035, 'Sports Drink'),
(2036, 'Milk-UHT'),
(2037, 'Camel Milk'),
(2038, 'Honey'),
(2039, 'Mithai Mate'),
(2040, 'Beverages'),
(2041, 'Protein'),
(2042, 'Organic'),
(2043, 'Chocolate'),
(2044, 'Infant Food'),
(2045, 'Sweets'),
(2046, 'Panchamrit'),
(2047, 'Sports Drink'),
(2048, 'Milk-UHT'),
(2049, 'Camel Milk'),
(2050, 'Honey'),
(2051, 'Mithai Mate'),
(2052, 'Beverages'),
(2053, 'Protein'),
(2054, 'Organic'),
(2055, 'Chocolate'),
(2056, 'Infant Food'),
(2057, 'Sweets'),
(2058, 'Panchamrit'),
(2059, 'Sports Drink'),
(2060, 'Milk-UHT'),
(2061, 'Camel Milk'),
(2062, 'Honey'),
(2063, 'Mithai Mate'),
(2064, 'Beverages'),
(2065, 'Protein'),
(2066, 'Organic'),
(2067, 'Chocolate'),
(2068, 'Infant Food'),
(2069, 'Sweets'),
(2070, 'Panchamrit'),
(2071, 'Sports Drink'),
(2072, 'Milk-UHT'),
(2073, 'Camel Milk'),
(2074, 'Honey'),
(2075, 'Mithai Mate'),
(2076, 'Beverages'),
(2077, 'Protein'),
(2078, 'Organic'),
(2079, 'Chocolate'),
(2080, 'Infant Food'),
(2081, 'Sweets'),
(2082, 'Panchamrit'),
(2083, 'Sports Drink'),
(2084, 'Milk-UHT'),
(2085, 'Camel Milk'),
(2086, 'Honey'),
(2087, 'Mithai Mate'),
(2088, 'Beverages'),
(2089, 'Protein'),
(2090, 'Organic'),
(2091, 'Chocolate'),
(2092, 'Infant Food'),
(2093, 'Sweets'),
(2094, 'Panchamrit'),
(2095, 'Sports Drink'),
(2096, 'Milk-UHT'),
(2097, 'Camel Milk'),
(2098, 'Honey'),
(2099, 'Mithai Mate'),
(2100, 'Beverages'),
(2101, 'Protein'),
(2102, 'Organic'),
(2103, 'Chocolate'),
(2104, 'Infant Food'),
(2105, 'Sweets'),
(2106, 'Panchamrit'),
(2107, 'Sports Drink'),
(2108, 'Milk-UHT'),
(2109, 'Camel Milk'),
(2110, 'Honey'),
(2111, 'Mithai Mate'),
(2112, 'Beverages'),
(2113, 'Protein'),
(2114, 'Organic'),
(2115, 'Chocolate'),
(2116, 'Infant Food'),
(2117, 'Sweets'),
(2118, 'Panchamrit'),
(2119, 'Sports Drink'),
(2120, 'Milk-UHT'),
(2121, 'Camel Milk'),
(2122, 'Honey'),
(2123, 'Mithai Mate'),
(2124, 'Beverages'),
(2125, 'Protein'),
(2126, 'Organic'),
(2127, 'Chocolate'),
(2128, 'Infant Food'),
(2129, 'Sweets'),
(2130, 'Panchamrit'),
(2131, 'Sports Drink'),
(2132, 'Milk-UHT'),
(2133, 'Camel Milk'),
(2134, 'Honey'),
(2135, 'Mithai Mate'),
(2136, 'Beverages'),
(2137, 'Protein'),
(2138, 'Organic'),
(2139, 'Chocolate'),
(2140, 'Infant Food'),
(2141, 'Sweets'),
(2142, 'Panchamrit'),
(2143, 'Sports Drink'),
(2144, 'Milk-UHT'),
(2145, 'Camel Milk'),
(2146, 'Honey'),
(2147, 'Mithai Mate'),
(2148, 'Beverages'),
(2149, 'Protein'),
(2150, 'Organic'),
(2151, 'Chocolate'),
(2152, 'Infant Food'),
(2153, 'Sweets'),
(2154, 'Panchamrit'),
(2155, 'Sports Drink'),
(2156, 'Milk-UHT'),
(2157, 'Camel Milk'),
(2158, 'Honey'),
(2159, 'Mithai Mate'),
(2160, 'Beverages'),
(2161, 'Protein'),
(2162, 'Organic'),
(2163, 'Chocolate'),
(2164, 'Infant Food'),
(2165, 'Sweets'),
(2166, 'Panchamrit'),
(2167, 'Sports Drink'),
(2168, 'Milk-UHT'),
(2169, 'Camel Milk'),
(2170, 'Honey'),
(2171, 'Mithai Mate'),
(2172, 'Beverages'),
(2173, 'Protein'),
(2174, 'Organic'),
(2175, 'Chocolate'),
(2176, 'Infant Food'),
(2177, 'Sweets'),
(2178, 'Panchamrit'),
(2179, 'Sports Drink'),
(2180, 'Milk-UHT'),
(2181, 'Camel Milk'),
(2182, 'Honey'),
(2183, 'Mithai Mate'),
(2184, 'Beverages'),
(2185, 'Protein'),
(2186, 'Organic'),
(2187, 'Chocolate'),
(2188, 'Infant Food'),
(2189, 'Sweets'),
(2190, 'Panchamrit'),
(2191, 'Sports Drink'),
(2192, 'Milk-UHT'),
(2193, 'Camel Milk'),
(2194, 'Honey'),
(2195, 'Mithai Mate'),
(2196, 'Beverages'),
(2197, 'Protein'),
(2198, 'Organic'),
(2199, 'Chocolate'),
(2200, 'Infant Food'),
(2201, 'Sweets'),
(2202, 'Panchamrit'),
(2203, 'Sports Drink'),
(2204, 'Milk-UHT'),
(2205, 'Camel Milk'),
(2206, 'Honey'),
(2207, 'Mithai Mate'),
(2208, 'Beverages'),
(2209, 'Protein'),
(2210, 'Organic'),
(2211, 'Chocolate'),
(2212, 'Infant Food'),
(2213, 'Sweets'),
(2214, 'Panchamrit'),
(2215, 'Sports Drink'),
(2216, 'Milk-UHT'),
(2217, 'Camel Milk'),
(2218, 'Honey'),
(2219, 'Mithai Mate'),
(2220, 'Beverages'),
(2221, 'Protein'),
(2222, 'Organic'),
(2223, 'Chocolate'),
(2224, 'Infant Food'),
(2225, 'Sweets'),
(2226, 'Panchamrit'),
(2227, 'Sports Drink'),
(2228, 'Milk-UHT'),
(2229, 'Camel Milk'),
(2230, 'Honey'),
(2231, 'Mithai Mate'),
(2232, 'Beverages'),
(2233, 'Protein'),
(2234, 'Organic'),
(2235, 'Chocolate'),
(2236, 'Infant Food'),
(2237, 'Sweets'),
(2238, 'Panchamrit'),
(2239, 'Sports Drink'),
(2240, 'Milk-UHT'),
(2241, 'Camel Milk'),
(2242, 'Honey'),
(2243, 'Mithai Mate'),
(2244, 'Beverages'),
(2245, 'Protein'),
(2246, 'Organic'),
(2247, 'Chocolate'),
(2248, 'Infant Food'),
(2249, 'Sweets'),
(2250, 'Panchamrit'),
(2251, 'Sports Drink'),
(2252, 'Milk-UHT'),
(2253, 'Camel Milk'),
(2254, 'Honey'),
(2255, 'Mithai Mate'),
(2256, 'Beverages'),
(2257, 'Protein'),
(2258, 'Organic'),
(2259, 'Chocolate'),
(2260, 'Infant Food'),
(2261, 'Sweets'),
(2262, 'Panchamrit'),
(2263, 'Sports Drink'),
(2264, 'Milk-UHT'),
(2265, 'Camel Milk'),
(2266, 'Honey'),
(2267, 'Mithai Mate'),
(2268, 'Beverages'),
(2269, 'Protein'),
(2270, 'Organic'),
(2271, 'Chocolate'),
(2272, 'Infant Food'),
(2273, 'Sweets'),
(2274, 'Panchamrit'),
(2275, 'Sports Drink'),
(2276, 'Milk-UHT'),
(2277, 'Camel Milk'),
(2278, 'Honey'),
(2279, 'Mithai Mate'),
(2280, 'Beverages'),
(2281, 'Protein'),
(2282, 'Organic'),
(2283, 'Chocolate'),
(2284, 'Infant Food'),
(2285, 'Sweets'),
(2286, 'Panchamrit'),
(2287, 'Sports Drink'),
(2288, 'Milk-UHT'),
(2289, 'Camel Milk'),
(2290, 'Honey'),
(2291, 'Mithai Mate'),
(2292, 'Beverages'),
(2293, 'Protein'),
(2294, 'Organic'),
(2295, 'Chocolate'),
(2296, 'Infant Food'),
(2297, 'Sweets'),
(2298, 'Panchamrit'),
(2299, 'Sports Drink'),
(2300, 'Milk-UHT'),
(2301, 'Camel Milk'),
(2302, 'Honey'),
(2303, 'Mithai Mate'),
(2304, 'Beverages'),
(2305, 'Protein'),
(2306, 'Organic'),
(2307, 'Chocolate'),
(2308, 'Infant Food'),
(2309, 'Sweets'),
(2310, 'Panchamrit'),
(2311, 'Sports Drink'),
(2312, 'Milk-UHT'),
(2313, 'Camel Milk'),
(2314, 'Honey'),
(2315, 'Mithai Mate'),
(2316, 'Beverages'),
(2317, 'Protein'),
(2318, 'Organic'),
(2319, 'Chocolate'),
(2320, 'Infant Food'),
(2321, 'Sweets'),
(2322, 'Panchamrit'),
(2323, 'Sports Drink'),
(2324, 'Milk-UHT'),
(2325, 'Camel Milk'),
(2326, 'Honey'),
(2327, 'Mithai Mate'),
(2328, 'Beverages'),
(2329, 'Protein'),
(2330, 'Organic'),
(2331, 'Chocolate'),
(2332, 'Infant Food'),
(2333, 'Sweets'),
(2334, 'Panchamrit'),
(2335, 'Sports Drink'),
(2336, 'Milk-UHT'),
(2337, 'Camel Milk'),
(2338, 'Honey'),
(2339, 'Mithai Mate'),
(2340, 'Beverages'),
(2341, 'Protein'),
(2342, 'Organic'),
(2343, 'Chocolate'),
(2344, 'Infant Food'),
(2345, 'Sweets'),
(2346, 'Panchamrit'),
(2347, 'Sports Drink'),
(2348, 'Milk-UHT'),
(2349, 'Camel Milk'),
(2350, 'Honey'),
(2351, 'Mithai Mate'),
(2352, 'Beverages'),
(2353, 'Protein'),
(2354, 'Organic'),
(2355, 'Chocolate'),
(2356, 'Infant Food'),
(2357, 'Sweets'),
(2358, 'Panchamrit'),
(2359, 'Sports Drink'),
(2360, 'Milk-UHT'),
(2361, 'Camel Milk'),
(2362, 'Honey'),
(2363, 'Mithai Mate'),
(2364, 'Beverages'),
(2365, 'Protein'),
(2366, 'Organic'),
(2367, 'Chocolate'),
(2368, 'Infant Food'),
(2369, 'Sweets'),
(2370, 'Panchamrit'),
(2371, 'Sports Drink'),
(2372, 'Milk-UHT'),
(2373, 'Camel Milk'),
(2374, 'Honey'),
(2375, 'Mithai Mate'),
(2376, 'Beverages'),
(2377, 'Protein'),
(2378, 'Organic'),
(2379, 'Chocolate'),
(2380, 'Infant Food'),
(2381, 'Sweets'),
(2382, 'Panchamrit'),
(2383, 'Sports Drink'),
(2384, 'Milk-UHT'),
(2385, 'Camel Milk'),
(2386, 'Honey'),
(2387, 'Mithai Mate'),
(2388, 'Beverages'),
(2389, 'Protein'),
(2390, 'Organic'),
(2391, 'Chocolate'),
(2392, 'Infant Food'),
(2393, 'Sweets'),
(2394, 'Panchamrit'),
(2395, 'Sports Drink'),
(2396, 'Milk-UHT'),
(2397, 'Camel Milk'),
(2398, 'Honey'),
(2399, 'Mithai Mate'),
(2400, 'Beverages'),
(2401, 'Protein'),
(2402, 'Organic'),
(2403, 'Chocolate'),
(2404, 'Infant Food'),
(2405, 'Sweets'),
(2406, 'Panchamrit'),
(2407, 'Sports Drink'),
(2408, 'Milk-UHT'),
(2409, 'Camel Milk'),
(2410, 'Honey'),
(2411, 'Mithai Mate'),
(2412, 'Beverages'),
(2413, 'Protein'),
(2414, 'Organic'),
(2415, 'Chocolate'),
(2416, 'Infant Food'),
(2417, 'Sweets'),
(2418, 'Panchamrit'),
(2419, 'Sports Drink'),
(2420, 'Milk-UHT'),
(2421, 'Camel Milk'),
(2422, 'Honey'),
(2423, 'Mithai Mate'),
(2424, 'Beverages'),
(2425, 'Protein'),
(2426, 'Organic'),
(2427, 'Chocolate'),
(2428, 'Infant Food'),
(2429, 'Sweets'),
(2430, 'Panchamrit'),
(2431, 'Sports Drink'),
(2432, 'Milk-UHT'),
(2433, 'Camel Milk'),
(2434, 'Honey'),
(2435, 'Mithai Mate'),
(2436, 'Beverages'),
(2437, 'Protein'),
(2438, 'Organic'),
(2439, 'Chocolate'),
(2440, 'Infant Food'),
(2441, 'Sweets'),
(2442, 'Panchamrit'),
(2443, 'Sports Drink'),
(2444, 'Milk-UHT'),
(2445, 'Camel Milk'),
(2446, 'Honey'),
(2447, 'Mithai Mate'),
(2448, 'Beverages'),
(2449, 'Protein'),
(2450, 'Organic'),
(2451, 'Chocolate'),
(2452, 'Infant Food'),
(2453, 'Sweets'),
(2454, 'Panchamrit'),
(2455, 'Sports Drink'),
(2456, 'Milk-UHT'),
(2457, 'Camel Milk'),
(2458, 'Honey'),
(2459, 'Mithai Mate'),
(2460, 'Beverages'),
(2461, 'Protein'),
(2462, 'Organic'),
(2463, 'Chocolate'),
(2464, 'Infant Food'),
(2465, 'Sweets'),
(2466, 'Panchamrit'),
(2467, 'Sports Drink'),
(2468, 'Milk-UHT'),
(2469, 'Camel Milk'),
(2470, 'Honey'),
(2471, 'Mithai Mate'),
(2472, 'Beverages'),
(2473, 'Protein'),
(2474, 'Organic'),
(2475, 'Chocolate'),
(2476, 'Infant Food'),
(2477, 'Sweets'),
(2478, 'Panchamrit'),
(2479, 'Sports Drink'),
(2480, 'Milk-UHT'),
(2481, 'Camel Milk'),
(2482, 'Honey'),
(2483, 'Mithai Mate'),
(2484, 'Beverages'),
(2485, 'Protein'),
(2486, 'Organic'),
(2487, 'Chocolate'),
(2488, 'Infant Food'),
(2489, 'Sweets'),
(2490, 'Panchamrit'),
(2491, 'Sports Drink'),
(2492, 'Milk-UHT'),
(2493, 'Camel Milk'),
(2494, 'Honey'),
(2495, 'Mithai Mate'),
(2496, 'Beverages'),
(2497, 'Protein'),
(2498, 'Organic'),
(2499, 'Chocolate'),
(2500, 'Infant Food'),
(2501, 'Sweets'),
(2502, 'Panchamrit'),
(2503, 'Sports Drink'),
(2504, 'Milk-UHT'),
(2505, 'Camel Milk'),
(2506, 'Honey'),
(2507, 'Mithai Mate'),
(2508, 'Beverages'),
(2509, 'Protein'),
(2510, 'Organic'),
(2511, 'Chocolate'),
(2512, 'Infant Food'),
(2513, 'Sweets'),
(2514, 'Panchamrit'),
(2515, 'Sports Drink'),
(2516, 'Milk-UHT'),
(2517, 'Camel Milk'),
(2518, 'Honey'),
(2519, 'Mithai Mate'),
(2520, 'Beverages'),
(2521, 'Protein'),
(2522, 'Organic'),
(2523, 'Chocolate'),
(2524, 'Infant Food'),
(2525, 'Sweets'),
(2526, 'Panchamrit'),
(2527, 'Sports Drink'),
(2528, 'Milk-UHT'),
(2529, 'Camel Milk'),
(2530, 'Honey'),
(2531, 'Mithai Mate'),
(2532, 'Beverages'),
(2533, 'Protein'),
(2534, 'Organic'),
(2535, 'Chocolate'),
(2536, 'Infant Food'),
(2537, 'Sweets'),
(2538, 'Panchamrit'),
(2539, 'Sports Drink'),
(2540, 'Milk-UHT'),
(2541, 'Camel Milk'),
(2542, 'Honey'),
(2543, 'Mithai Mate'),
(2544, 'Beverages'),
(2545, 'Protein'),
(2546, 'Organic'),
(2547, 'Chocolate'),
(2548, 'Infant Food'),
(2549, 'Sweets'),
(2550, 'Panchamrit'),
(2551, 'Sports Drink'),
(2552, 'Milk-UHT'),
(2553, 'Camel Milk'),
(2554, 'Honey'),
(2555, 'Mithai Mate'),
(2556, 'Beverages'),
(2557, 'Protein'),
(2558, 'Organic'),
(2559, 'Chocolate'),
(2560, 'Infant Food'),
(2561, 'Sweets'),
(2562, 'Panchamrit'),
(2563, 'Sports Drink'),
(2564, 'Milk-UHT'),
(2565, 'Camel Milk'),
(2566, 'Honey'),
(2567, 'Mithai Mate'),
(2568, 'Beverages'),
(2569, 'Protein'),
(2570, 'Organic'),
(2571, 'Chocolate'),
(2572, 'Infant Food'),
(2573, 'Sweets'),
(2574, 'Panchamrit'),
(2575, 'Sports Drink'),
(2576, 'Milk-UHT'),
(2577, 'Camel Milk'),
(2578, 'Honey'),
(2579, 'Mithai Mate'),
(2580, 'Beverages'),
(2581, 'Protein'),
(2582, 'Organic'),
(2583, 'Chocolate'),
(2584, 'Infant Food'),
(2585, 'Sweets'),
(2586, 'Panchamrit'),
(2587, 'Sports Drink'),
(2588, 'Milk-UHT'),
(2589, 'Camel Milk'),
(2590, 'Honey'),
(2591, 'Mithai Mate'),
(2592, 'Beverages');

-- --------------------------------------------------------

--
-- Table structure for table `item_details`
--

CREATE TABLE `item_details` (
  `id` int(11) NOT NULL,
  `ingredient` varchar(100) DEFAULT NULL,
  `energy` float DEFAULT NULL,
  `fat` float DEFAULT NULL,
  `carbohydrate` float DEFAULT NULL,
  `protein` float DEFAULT NULL,
  `sodium` float DEFAULT NULL,
  `item_id` int(11) DEFAULT NULL
) ENGINE=InnoDB DEFAULT CHARSET=utf8mb4 COLLATE=utf8mb4_general_ci;

--
-- Dumping data for table `item_details`
--

INSERT INTO `item_details` (`id`, `ingredient`, `energy`, `fat`, `carbohydrate`, `protein`, `sodium`, `item_id`) VALUES
(1, 'milk', 20, 10, 50, 14, 1, 1),
(2, 'Milk Solids, Water, Iodized Salt, Stabilizers (440, 418), Active Cultur', 108, 1, 8, 15, 100, 4),
(3, 'Organic Basmati Rice.', 15, 20, 3, 20, 1, 6),
(4, 'Milk solids, cocoa butter, cocoa solids, sugar', 528, 97.9, 39.8, 6, 325, 8),
(5, 'Milk solids, water, lactose, sugar,', 61.7, 2.5, 7.7, 2, 31.4, 9),
(6, 'Milk solids, sugar, saffron, cardamom and permitted stabilizer ', 188, 11.2, 16, 5, 70, 10),
(7, 'Cow Milk, Dahi, Milk Solids, Sugar, Honey, Stabilizer(440).', 11, 0.3, 1.7, 0.2, 3, 11),
(8, 'Milk solids, water, dextrose, acidity regulator (330), nature identical and artificial flavouring su', 31, 0, 7.6, 0, 30, 12),
(9, 'Toned Milk, Enzyme (Beta Galactosidase)', 148, 7.8, 12, 7.5, 105, 13),
(10, 'milk', 491, 27, 38, 24, 340, 14),
(11, 'Honey', 336, 0, 84, 0, 0, 15),
(12, 'Milk Solids and Sugar.', 331, 9, 55, 7.5, 100, 17),
(13, 'Suger,water,khoa,chana(milk lactic asid),maida,elichi powder', 158, 4.5, 26.5, 2.9, 12, 7),
(14, 'Organic Bengal Gram', NULL, NULL, NULL, NULL, NULL, 5);

-- --------------------------------------------------------

--
-- Table structure for table `user`
--

CREATE TABLE `user` (
  `id` int(11) NOT NULL,
  `fname` varchar(30) DEFAULT NULL,
  `lname` varchar(30) DEFAULT NULL,
  `email` varchar(60) DEFAULT NULL,
  `password` varchar(400) DEFAULT NULL,
  `mobile` bigint(20) DEFAULT NULL,
  `pincode` int(11) DEFAULT NULL,
  `state` varchar(30) DEFAULT NULL,
  `district` varchar(30) DEFAULT NULL,
  `address` varchar(70) DEFAULT NULL,
  `city` varchar(30) DEFAULT NULL
) ENGINE=InnoDB DEFAULT CHARSET=utf8mb4 COLLATE=utf8mb4_general_ci;

--
-- Dumping data for table `user`
--

INSERT INTO `user` (`id`, `fname`, `lname`, `email`, `password`, `mobile`, `pincode`, `state`, `district`, `address`, `city`) VALUES
(4, 'Akshay', 'Paramanik', 'akshayparamanik04@gmail.com', '$2y$10$4fhJTaOeq7lenL0sZwvcbeVp7ZDEjPATeRW1oNHWsIKpcGFiiMxNe', 8710077109, 713325, 'WestBengal', 'Paschim Bardhaman', 'narsingh bandh,burnpur', 'Asansol');

--
-- Indexes for dumped tables
--

--
-- Indexes for table `cart`
--
ALTER TABLE `cart`
  ADD PRIMARY KEY (`id`),
  ADD KEY `item_id` (`item_id`),
  ADD KEY `user_id` (`user_id`);

--
-- Indexes for table `item`
--
ALTER TABLE `item`
  ADD PRIMARY KEY (`id`),
  ADD KEY `catagory_id` (`catagory_id`);

--
-- Indexes for table `item_catagory`
--
ALTER TABLE `item_catagory`
  ADD PRIMARY KEY (`id`);

--
-- Indexes for table `item_details`
--
ALTER TABLE `item_details`
  ADD PRIMARY KEY (`id`),
  ADD KEY `item_id` (`item_id`);

--
-- Indexes for table `user`
--
ALTER TABLE `user`
  ADD PRIMARY KEY (`id`);

--
-- AUTO_INCREMENT for dumped tables
--

--
-- AUTO_INCREMENT for table `cart`
--
ALTER TABLE `cart`
  MODIFY `id` int(11) NOT NULL AUTO_INCREMENT, AUTO_INCREMENT=2;

--
-- AUTO_INCREMENT for table `item`
--
ALTER TABLE `item`
  MODIFY `id` int(11) NOT NULL AUTO_INCREMENT, AUTO_INCREMENT=18;

--
-- AUTO_INCREMENT for table `item_catagory`
--
ALTER TABLE `item_catagory`
  MODIFY `id` int(11) NOT NULL AUTO_INCREMENT, AUTO_INCREMENT=2593;

--
-- AUTO_INCREMENT for table `item_details`
--
ALTER TABLE `item_details`
  MODIFY `id` int(11) NOT NULL AUTO_INCREMENT, AUTO_INCREMENT=16;

--
-- AUTO_INCREMENT for table `user`
--
ALTER TABLE `user`
  MODIFY `id` int(11) NOT NULL AUTO_INCREMENT, AUTO_INCREMENT=6;

--
-- Constraints for dumped tables
--

--
-- Constraints for table `cart`
--
ALTER TABLE `cart`
  ADD CONSTRAINT `cart_ibfk_1` FOREIGN KEY (`item_id`) REFERENCES `item` (`id`),
  ADD CONSTRAINT `cart_ibfk_2` FOREIGN KEY (`user_id`) REFERENCES `user` (`id`);

--
-- Constraints for table `item`
--
ALTER TABLE `item`
  ADD CONSTRAINT `item_ibfk_1` FOREIGN KEY (`catagory_id`) REFERENCES `item_catagory` (`id`);

--
-- Constraints for table `item_details`
--
ALTER TABLE `item_details`
  ADD CONSTRAINT `item_details_ibfk_1` FOREIGN KEY (`item_id`) REFERENCES `item` (`id`);
COMMIT;

/*!40101 SET CHARACTER_SET_CLIENT=@OLD_CHARACTER_SET_CLIENT */;
/*!40101 SET CHARACTER_SET_RESULTS=@OLD_CHARACTER_SET_RESULTS */;
/*!40101 SET COLLATION_CONNECTION=@OLD_COLLATION_CONNECTION */;
